RestaurantID,Name,CuisineType,Pricing_for_2,Restaurant_Phone,OperatingHours,LocationID,ActiveFlag,OpenStatus,Locality,Restaurant_Address,Latitude,Longitude,CreatedDate,ModifiedDate
1,Rustom's,"Parsi, Street Food, North Indian, Desserts, Beverages",2100,9069050000,8:00 AM - 16:00 PM,1,Yes,Open,"ITO, New Delhi","Delhi Parsi Anjuman, LNJP Colony, Bahadur Shah Zafar Road, Near Maulana Azad Medical College Campus, ITO, New Delhi",28.638167,77.240472,2020-10-07 20:19:43.902836,2024-08-14 18:03:26.315582
2,Cafe Lota,"Cafe, South Indian, North Indian, Beverages",1200,8320181288,10:00 AM - 18:00 PM,1,Yes,Open,"Pragati Maidan, New Delhi","National Crafts Museum, Gate 2, Bhairon Marg, Pragati Maidan, New Delhi",28.613429,77.242471,2020-05-22 10:40:09.631036,2023-12-15 10:15:48.123670
3,Dum-Pukht - ITC Maurya,"Mughlai, North Indian, Desserts",5000,6192814393,9:00 AM - 17:00 PM,1,Yes,Open,"ITC Maurya, Chanakyapuri, New Delhi","ITC Maurya, Chanakyapuri, New Delhi",28.5982003,77.17366073,2020-09-09 08:19:49.487677,2023-11-13 22:18:47.623166
4,Burma Burma,"Asian, Burmese, Bubble Tea, Desserts, Salad",1600,9145897039,11:00 AM - 19:00 PM,1,Yes,Open,"Cyber Hub, DLF Cyber City, Gurgaon","Shop 6, Ground Floor, Building 8, Tower C, Cyber Hub, DLF Cyber City, Gurgaon",28.49446439,77.08853245,2020-11-07 00:44:52.824312,2023-11-19 10:08:47.342571
5,The Big Chill,"Continental, American, Italian",1500,6799831287,9:00 AM - 17:00 PM,1,Yes,Open,"Khan Market, New Delhi","68-A, Khan Market, New Delhi",28.60035007,77.22749334,2020-11-11 19:43:11.251732,2024-04-29 12:32:50.364449